"Freq [GHz]","re(Z(1,1)) [] - hsub='5mil'","re(Z(1,1)) [] - hsub='10mil'","re(Z(1,1)) [] - hsub='15mil'","re(Z(1,1)) [] - hsub='31mil'","re(Z(1,1)) [] - hsub='62mil'","im(Z(1,1)) [] - hsub='5mil'","im(Z(1,1)) [] - hsub='10mil'","im(Z(1,1)) [] - hsub='15mil'","im(Z(1,1)) [] - hsub='31mil'","im(Z(1,1)) [] - hsub='62mil'"
9,6.10931310538079,10.0368343111306,9.55058180219693,26.1391727529101,86.7893789304936,56.1332631510487,96.5040811383278,96.7326363062636,124.93076402661,149.358480886623
9.005,5.98254897077655,10.6600120637902,9.73337667291908,25.6539066966739,85.8839386620156,56.1443583025265,96.0617488618467,96.988376109474,125.316799517231,151.321831686781
9.01,5.85522291535372,11.2543377844452,9.92052082517533,25.1704855175228,84.7810034121541,56.1603473368674,95.5568798079762,97.2368859783531,125.707384105954,153.320560968417
9.015,5.7276566815122,11.810477970569,10.1119014246342,24.6889773060129,83.4709575280895,56.181198823169,94.9897940674925,97.4769256802642,126.102590450161,155.323591044318
9.02,5.60016142467766,12.3185458894412,10.3072982816487,24.20945219098,81.9511101171113,56.2068544068484,94.3624262993629,97.7070861276748,126.502491276588,157.296842301582
9.025,5.47303513484836,12.7684163242628,10.5063480151328,23.7319823904266,80.2266741417085,56.2372308218692,93.6785650660772,97.9257713454029,126.907159346486,159.205176693636
9.03,5.34656041923951,13.1501293015651,10.7084981662728,23.2566422629682,78.3110713492097,56.2722221522057,92.9440250849036,98.1311815292012,127.316667418797,161.014679167338
9.035,5.22100266463626,13.4543677710449,10.912948901445,22.7835083598058,76.2254430575056,56.3117022770521,92.1667184957246,98.3212991991527,127.731088211257,162.694997243232
9.04,5.0966085861008,13.6729803599761,11.118579668205,22.3126594771858,73.9973807802985,56.3555274351483,91.3565945669546,98.4938815407263,128.150494359343,164.221419242764
9.045,4.97360515771859,13.7995071002119,11.323858077623,21.8441767093069,71.6590328402313,56.4035388465855,90.5254267506546,98.6464635542936,128.574958372993,165.57640301727
9.05,4.85219891146222,13.8296564415488,11.5267285852318,21.3781435016318,69.2448534875016,56.4555653352037,89.6864416118576,98.7763787110457,129.004552591006,166.750364902476
9.055,4.7325755822233,13.7616789728745,11.724479563156,20.9146457045512,66.7893091113754,56.5114259007878,88.8538042332666,98.8808065227501,129.439349133044,167.741675764426
9.06,4.61490007074196,13.5965892133464,11.9135896039432,20.45377162735,64.3248328539728,56.5709321972731,88.0419959443399,98.9568597631705,129.879419849143,168.555948275995
9.065,4.49931669155828,13.3382019218479,12.0895580911618,19.9956120924165,61.8802386160683,56.6338908806856,87.2651383127852,99.0017277988549,130.324836266657,169.204801562615
9.07,4.38594967016337,12.9929716000581,12.2467321337787,19.5402604896326,59.4796974316143,56.7001057981964,86.5363280207456,99.0128959358876,130.775669534528,169.704336746655
9.075,4.27490385209788,12.5696491695838,12.3781528746211,19.0878128308775,57.1422748383215,56.7693799971411,85.8670476822235,98.9884624695768,131.231990364813,170.073550064889
9.08,4.16626558665278,12.0787930904119,12.4754595931011,18.6383678045727,54.8819497262573,56.8415175398969,85.266707392373,98.9275727298537,131.693868971357,170.332864311522
9.085,4.06010374886097,11.5321887890763,12.5289093886451,18.1920268301889,52.7079923941608,56.9163251169215,84.7423530099416,98.8309789570088,132.161375005534,170.50289536423
9.09,3.95647086540121,10.9422372804872,12.5275903949785,17.7488941126314,50.6255696416607,56.9936134559211,84.2985540068034,98.7017112681195,132.634577488956,170.603507161307
9.095,3.85540431264889,10.3213708655108,12.459919788112,17.3090766964133,48.6364583328198,57.073198529939,83.9374610046798,98.5458035071802,133.113544743052,170.653157658836
9.1,3.75692755819002,9.68154264925989,12.3145107780148,16.8726845195216,46.7397749639157,57.1549025711398,83.6590049925977,98.3729574675922,133.598344315438,170.668504656811
9.105,3.66105142047584,9.03382070144819,12.0814471626332,16.4398304668699,44.9326581196562,57.2385549002023,83.46119914174,98.1969587300339,134.089042902968,170.664223137133
9.11,3.56777532477534,8.38810065846088,11.7539042996569,16.0106304232312,43.2108672720553,57.3239925835877,83.340500601761,98.0356024582348,134.585706271374,170.652981194916
9.115,3.47708853704209,7.75293550486114,11.3299036355095,15.5852033255302,41.5692822449819,57.4110609325823,83.2921925341613,97.9098906872791,135.088399171416,170.645525287779
9.12,3.38897136064788,7.13547005374772,10.8138224986551,15.1636712143743,40.0023022070603,57.4996138590124,83.3107538326498,97.8423703706229,135.597185251419,170.650833428429
9.125,3.3033962840639,6.54146090497233,10.2171821091835,14.7461592846856,38.504151972631,57.5895141029781,83.390193211702,97.8547104298815,136.112126966145,170.67630422424
9.13,3.22032907043822,5.97536004451339,9.55829918086037,14.3327959352997,37.0691079514575,57.6806333479512,83.5243336721783,97.9649138714126,136.633285481865,170.727958541438
9.135,3.13972978259025,5.44044082382712,8.86065329616441,13.9237128173763,35.6916576218665,57.7728522382151,83.7070414572772,98.1847982975757,137.160720577574,170.810638139274
9.14,3.06155373920301,4.93894769997508,8.15022244715117,13.5190448814691,34.3666060465346,57.8660603129772,83.9323998263726,98.5184065736639,137.694490542247,170.928191580351
9.145,2.9857523999387,4.47225478875163,7.45239494947529,13.1189304230857,33.089141564477,57.9601558706263,84.194832161489,98.9617671128163,138.234652068053,171.083642128916
9.15,2.91227417884582,4.04102218241758,6.789195070545,12.7235111265636,31.854870966107,58.0550457756144,84.4891812914484,99.5040024662258,138.781260139447,171.279335422214
9.155,2.8410651867764,3.64534258417583,6.17740188929795,12.3329321070772,30.6598325586565,58.1506452193592,84.8107528544403,100.129386428434,139.334367918053,171.517066718609
9.16,2.7720699046232,3.28487383171097,5.62779687720938,11.947341950581,29.5004937630178,58.2468774454444,85.1553304435419,100.819750220784,139.894026623274,171.798188758086
9.165,2.70523179003489,2.95895522522514,5.14542606794017,11.5668927514855,28.37373834734,58.3436734482726,85.5191695732627,101.556683546712,140.460285408556,172.123701944877
9.17,2.64049382090724,2.66670726446924,4.73054654723525,11.1917401478504,27.2768471268927,58.4409716532352,85.8989764714811,102.32318340783,141.033191233227,172.494328859014
9.175,2.57779897940503,2.40711552191078,4.37987955045223,10.8220433538719,26.2074749349043,58.5387175854146,86.2918765564702,103.104643416086,141.612788729876,172.910575158961
9.18,2.51709068056991,2.17910004756565,4.08786556048415,10.4579651894275,25.1636258673148,58.6368635328579,86.6953763418561,103.889254961632,142.19912006719,173.372778847592
9.185,2.45831314974154,1.9815720264497,3.84773647804739,10.0996721064339,24.1436281907943,58.7353682095568,87.1073215010195,104.667978664342,142.79222480823,173.881149705075
9.19,2.40141175308213,1.81347948871915,3.65233010314978,9.74733421176118,23.1461098427377,58.8341964224416,87.5258529507274,105.434256435603,143.392139764083,174.435800488296
9.195,2.34633328547549,1.67384378160561,3.49464772830371,9.40112528643476,22.1699751123341,58.9333187459571,87.9493620876337,106.18360419775,143.998898842883,175.036771284753
9.2,2.29302621998201,1.56178830617409,3.36819510441176,9.06122280084967,21.2143828458919,59.0327112071307,88.3764457206925,106.913181517418,144.612532894159,175.684048205637
9.205,2.24144092289431,1.47656073608193,3.26715988197671,8.7278079257053,20.2787263449034,59.1323549834599,88.80586077059,107.621394157603,145.233069548516,176.377577416759
9.21,2.19152983826259,1.41754958831719,3.18647606397591,8.40106553836257,19.3626150039662,59.2322361154459,89.2364784367707,108.307555582045,145.860533052645,177.117275341031
9.215,2.14324764555934,1.38429561173724,3.12181670727044,8.081184224312,18.4658576536349,59.3323452351663,89.667237250879,108.971614240099,146.49494409967,177.903035723231
9.22,2.09655139393855,1.37649799137407,3.06954537431683,7.76835627343105,17.5884475198303,59.4326773119122,90.0970942387124,109.613942813671,147.13631965487,178.734734125936
9.225,2.05140061632259,1.39401482017683,3.02664726636715,7.46277767069949,16.7305486784777,59.5332314156077,90.5249733105254,110.235180774198,147.784672776802,179.612230323091
9.23,2.00775742632727,1.4368566464928,2.99065346647818,7.16464808102975,15.8924838655384,59.6340104984774,90.9497100194356,110.836120253885,148.440012433901,180.535368972448
9.235,1.96558660081808,1.50517114903871,2.95956630498842,6.87417082786025,15.0747234940662,59.7350211952204,91.3699920218382,111.417625735154,149.102343316607,181.503978877911
9.24,1.92485565067997,1.59921611851798,2.93179018705851,6.59155286515045,14.277875728142,59.8362736417876,91.784295025294,111.980579368974,149.771665645128,182.517871095413
9.245,1.88553488218525,1.7193169645067,2.90606986244754,6.31700474240599,13.5026774661693,59.9377813127338,92.1908148384274,112.525845257991,150.447974972939,183.576836089448
9.25,1.8475974511579,1.86580400479055,2.88143668412924,6.05074056235462,12.7499860914173,60.0395608770259,92.5873975020443,113.054247486778,151.131261986143,184.680640109962
9.255,1.81101941196324,2.0389240187251,2.85716258892611,5.79297793088515,12.0207718547131,60.1416320721227,92.9714715654244,113.566557924367,151.821512298859,185.829020929547
9.26,1.77577976319654,2.23872029572542,2.83272111744497,5.54393789885538,11.3161107620759,60.2440175961077,93.3399895502678,114.063490832286,152.518706244785,187.021683057416
9.265,1.74186049180609,2.46487623210248,2.80775461865699,5.30384489536719,10.6371778482934,60.3467430176363,93.6893895977255,114.545702098911,153.22281866516,188.258292528469
9.27,1.70924661726487,2.71652021069328,2.78204675483021,5.0729266521023,9.98524072571958,60.4498367034658,94.0155930591782,115.013791520391,153.933818693323,189.53847135185
9.275,1.67792623729997,2.99199501375817,2.75549947026404,4.85141411830823,9.36165330567993,60.5533297633516,94.314058733524,115.468306996007,154.651669536134,190.861791693185
9.28,1.64789057660064,3.28860431227697,2.72811367235465,4.63954136601936,8.76784959780202,60.6572560121291,94.5799181764638,115.909749835394,155.376328252512,192.227769857291
9.285,1.61913403985414,3.60236224446694,2.69997297217893,4.43754548509689,8.20533750027085,60.7616519488445,94.8082166184423,116.338580614879,156.107745529419,193.635860133291
9.29,1.59165427040303,3.92778874891817,2.67122993064705,4.24566646767258,7.67569250153565,60.8665567528549,94.9942772034756,116.755225193221,156.845865455601,195.085448561084
9.295,1.5654522157781,4.25780970737498,2.64209434833498,4.06414708157793,7.18055122138272,60.9720122968828,95.1341889963422,117.160080621001,157.590625293459,196.575846676804
9.3,1.54053220133718,4.58383046819897,2.61282321923716,3.89323273234757,6.72160472666293,61.0780631770851,95.2253896208473,117.553520766153,158.341955249456,198.106285294804
9.305,1.51690201323256,4.89604485675428,2.58371203990693,3.73317131338809,6.30059156438186,61.1847567602782,95.2672740133771,117.935901540742,159.099778243475,199.675908384624
9.31,1.49457299193745,5.18401091815749,2.55508722604349,3.5842130439097,5.91929046243866,61.2921432485497,95.2617211567065,118.307565658382,159.864009677601,201.283767103029
9.315,1.47356013758652,5.43746746689727,2.52729943937402,3.44661029422865,5.5795126561078,61.4002757615839,95.2134074175218,118.668846882996,160.634557204829,202.928814043336
9.32,1.45388222842507,5.64729265617445,2.50071766975136,3.3206173980566,5.28309380648412,61.5092104371288,95.1297867721257,119.020073751837,161.411320498235,204.609897766699
9.325,1.43556195371948,5.80644161749045,2.47572395187431,3.20649045140925,5.03188548561592,61.6190065501427,95.0206747898779,119.36157277148,162.194191021179,206.325757682494
9.33,1.41862606255667,5.91067481037457,2.45270862400165,3.10448709778118,4.82774621197962,61.72972665127,94.8974657030103,119.693671096883,162.983051799153,208.075019347362
9.335,1.40310553005332,5.95892166948208,2.43206605845303,3.0148662992519,4.67253202934361,61.8414367254194,94.7721101654265,120.016698711866,163.777777193939,209.856190254563
9.34,1.38903574261111,5.95321012125022,2.41419081141409,2.93788809321209,4.56808663190983,61.9542063713405,94.6560464336918,120.33099013545,164.578232680737,211.667656186899
9.345,1.3764567039891,5.89820040284326,2.39947415334564,2.87381333442034,4.51623104892661,62.0681090032269,94.5592827371784,120.636885682986,165.384274629023,213.507678207418
9.35,1.3654132641247,5.80045010401186,2.38830095176805,2.82290342213187,4.51875291265448,62.183222075511,94.4897740258104,120.934732314402,166.195750087887,215.374390362251
9.355,1.35595537282268,5.66757716782282,2.38104688591687,2.7854200120702,4.57739534459878,62.2996273321562,94.4531485258589,121.224884104337,167.012496576656,217.265798169043
9.36,1.34813836064755,5.50747431623129,2.37807597821508,2.76162471304636,4.6938455061726,62.4174110818954,94.4527544262997,121.507702370683,167.834341881651,219.179777962423
9.365,1.34202324960666,5.32767931400184,2.37973843111112,2.75177876807211,4.86972287130235,62.5366645010132,94.4899410503814,121.783555499157,168.661103859975,221.11407716471
9.37,1.33767709650215,5.13494602683449,2.38636875993468,2.75614271984917,5.10656728978572,62.6574839654183,94.5644701338711,122.052818502064,169.492590251214,223.06631554532
9.375,1.33517337216493,4.9350116450302,2.39828421336559,2.77497606057057,5.40582692124776,62.7799714138953,94.674963864352,122.315872349432,170.328598498057,225.033987526218
9.38,1.33459238017223,4.73252504459446,2.41578347315015,2.80853686601032,5.76884613013061,62.9042347445714,94.8193229625695,122.57310311019,171.168915576776,227.014465583058
9.385,1.33602171909916,4.53108968577067,2.43914562409425,2.85708141393835,6.19685344205865,63.030388246764,94.9950773882471,122.824900940108,172.013317838621,229.005004782366
9.39,1.33955679287599,4.33337622309225,2.46862938431169,2.92086378695101,6.69094967087946,63.1585530704955,95.19965634066,123.071658951831,172.861570863173,231.002748484356
9.395,1.34530137442886,4.14126872059167,2.50447258439135,3.00013545986871,7.2520963334719,63.2888577360579,95.4305802838986,123.313772000555,173.71342932473,233.004735228634
9.4,1.35336822848771,3.95601905373679,2.54689188272456,3.09514487191922,7.88110447574405,63.4214386860778,95.6855862784215,123.551635416722,174.568636872839,235.007906806375
9.405,1.36387980027364,3.77839380314419,2.59608270281403,3.20613698399052,8.57862403788322,63.5564408825532,95.9627009165304,123.78564371476,175.426926028097,237.009117507635
9.41,1.37696897774724,3.6088054743443,2.65221937708487,3.33335282131329,9.34513388963292,63.6940184513008,96.2602747837868,124.016189304164,176.288018094371,239.005144516516
9.415,1.39277993624511,3.44742505572731,2.71545548059287,3.47702900200736,10.1809326669326,63.8343353761353,96.5769903103909,124.243661226451,177.151623088589,240.992699410167
9.42,1.41146907568336,3.29427611514502,2.78592433714298,3.63739725200445,11.0861305395055,63.9775662448846,96.9118522661351,124.468443938565,178.017439689285,242.968440700384
9.425,1.43320606211311,3.14931235230534,2.86373967971759,3.81468390694681,12.0606420347673,64.1238970489915,97.2641676230278,124.690916160368,178.885155205053,244.928987339212
9.43,1.45817498732296,3.01248125385008,2.94899644678934,4.00910940174206,13.1041800366845,64.2735260379143,97.6335193477357,124.911449800881,179.754445564104,246.870933092801
9.435,1.48657566246875,2.88377662018826,3.04177169606013,4.22088774854786,14.216251068917,64.4266646287847,98.0197369705684,125.130408975093,180.624975326079,248.790861671208
9.44,1.51862506444552,2.76328251253702,3.1421256174136,4.45022600404753,15.3961519597618,64.5835383707164,98.422865481179,125.348149120395,181.496397717282,250.685362486326
9.445,1.55455895700714,2.65121077332009,3.25010262737704,4.69732372697335,16.6429679722119,64.7443879617302,98.8431331531679,125.565016219111,182.368354690461,252.551046895986
9.45,1.59463371260166,2.54793379954748,3.36573252812915,4.96237242692876,17.9555724660206,64.9094703143424,99.2809182228982,125.781346131205,183.240477010265,254.384564779989
9.455,1.63912836567943,2.45401374473347,3.48903171503532,5.24555500565416,19.3326281402929,65.0790596633332,99.7367138750543,125.997464039092,184.112384365433,256.182621283692
9.46,1.68834693402471,2.37022880730451,3.6200044178027,5.5470451919835,20.7725898851146,65.2534487059019,100.211090669292,126.213684004529,184.98368550877,257.941993557148
9.465,1.74262105168636,2.29759673186617,3.75864396159024,5.86700697182803,22.2737092494754,65.4329497601082,100.704655348713,126.430308635898,185.853978425894,259.659547312989
9.47,1.80231296560793,2.23739509604287,3.90493403574825,6.20559401462814,23.8340405106661,65.6178959219291,101.218004890914,126.64762886275,186.722850533686,261.332253024374
9.475,1.86781895840885,2.19117737175711,4.05884995926196,6.56294909780235,25.4514483079098,65.808642194078,101.751674702969,126.865923813318,187.589878909313,262.957201585639
9.48,1.93957327234209,2.16078313452427,4.2203599334039,6.93920353082215,27.1236167807056,66.0055665504974,102.306080045992,127.085460789726,188.45463055062,264.531619262773
9.485,2.01805262471526,2.14834016019808,4.389426273536,7.33447658062616,28.848060130754,66.2090708885756,102.881450139478,127.306495334943,189.316662668601,266.052881768487
9.49,2.10378142356803,2.15625552953226,4.56600661340932,7.74887490018207,30.6221345058442,66.4195818059066,103.477754985635,127.529271384996,190.175523012571,267.518527307343
9.495,2.19733781479341,2.18719231985972,4.75005507668341,8.18249196208098,32.4430510852488,66.6375511188622,104.094625815719,127.754021499643,191.030750228572,268.926268449952
9.5,2.2993607189116,2.24402809856293,4.94152341169563,8.63540749913283,34.3078902293563,66.8634560150919,104.731271228304,127.980967164575,191.881874251404,270.274002711367
9.505,2.41055804817993,2.3297913814386,5.14036208674908,9.1076869540024,36.2136165419371,67.0977986996719,105.386392567609,128.210319158191,192.728416730605,271.559821727099
9.51,2.53171633353498,2.44757265022627,5.34652134435705,9.59938093999108,38.1570946818108,67.3411053527663,106.058103828251,128.442277976173,193.569891490533,272.782018940328
9.515,2.66371203691578,2.60040762206508,5.55995221394933,10.11052471513,40.135105752072,67.5939241624274,106.743863239173,128.677034307268,194.405805024596,273.939095735317
9.52,2.80752487862117,2.79113239307658,5.78060748354783,10.6411376717992,42.1443640895497,67.8568221255943,107.440425436442,128.914769554089,195.235657023525,275.029765974392
9.525,2.96425357207512,3.02221292521913,6.00844263182166,11.1912228441284,44.1815342749017,68.1303802181991,108.143824429079,129.155656393092,196.058940937445,276.05295891847
9.53,3.13513442973817,3.29555504771569,6.24341672276368,11.7607664354707,46.2432481846737,68.4151864143973,108.849397943974,129.399859368411,196.875144571335,277.007820533666
9.535,3.32156338293037,3.61230541705481,6.48549326598215,12.3497373682488,48.3261219106274,68.7118258757005,109.551862720738,129.647535514679,197.683750713302,277.893713208343
9.54,3.52512204229241,3.97265816760026,6.73464104629099,12.9580868585012,50.4267723785797,69.0208674201717,110.245447509085,129.89883500456,198.48423779496,278.710213925778
9.545,3.74760850878046,4.3756854747461,6.99083492690945,13.5857480174315,52.5418335085075,69.3428451022846,110.924085728269,130.153901817222,199.27608058299,279.457110956851
9.55,3.9910737168391,4.8192119788359,7.25405663116521,14.2326354822629,54.6679717695799,69.6782333619561,111.581663204975,130.412874424586,200.05875090082,280.134399154614
9.555,4.25786413309387,5.29975207447214,7.52429550814279,14.8986450786593,56.8019009976287,70.0274137052048,112.212308843979,130.67588649272,200.831718379163,280.742273947866
9.56,4.55067161407766,5.8125248955903,7.80154928824023,15.5836535169395,58.9403963580302,70.3906302175103,112.810708727228,130.943067596338,201.594451233996,281.28112414377
9.565,4.87259109323855,6.35155448660568,8.08582483511105,16.2875181242411,61.0803073535876,70.7679303309619,113.372418506139,131.214543944894,202.346417070368,281.751523660003
9.57,5.22718643658505,6.90985299383148,8.37713890098717,17.0100766147281,63.2185697944167,71.1590861011707,113.894146518162,131.490439119335,203.087083710256,282.15422231475
9.575,5.61856414313636,7.47967430890759,8.67551889291125,17.7511468998385,65.3522166645807,71.5634897210037,114.373981799263,131.770874819079,203.815920042516,282.490135808159
9.58,6.05145335813625,8.05281641377482,8.98100365798031,18.5105269404672,67.4783878379448,71.980015021315,114.811547199763,132.055971619314,204.532396892806,282.760335031623
9.585,6.53128858220573,8.62094457130709,9.29364429632528,19.2879946428673,69.594338613098,72.4068342129029,115.208067270173,132.345849739238,205.235987911183,282.966034841642
9.59,7.06428798987659,9.17590570195931,9.61350501124477,20.0833077999035,71.6974470537876,72.8411760931709,115.566351780844,132.640629822322,205.926170474947,283.108582433172
9.595,7.65751465406099,9.71000703711307,9.94066400669485,20.8962040791603,73.7852201370121,73.2790085026335,115.890706624962,132.940433730184,206.602426604111,283.189445443498
9.6,8.31889910285026,10.2162386935437,10.2752144432404,21.7264010592326,75.8552987253622,73.7146244104043,116.186792579728,133.245385352132,207.264243886778,283.210199912047
9.605,9.05718798740326,10.6884286985664,10.6172654646058,22.5735963153563,77.905461393255,74.1401086995203,116.461457790119,133.555611432903,207.911116411555,283.172518214399
9.61,9.88176329565799,11.121328490684,10.9669433081758,23.4374675553443,79.9336271482887,74.5446637478366,116.722571621496,133.871242421599,208.542545704014,283.078157080362
9.615,10.8022475091038,11.5106355395725,11.3243925142029,24.3176728065963,81.9378570988643,74.9137805476007,116.978886275979,134.192413345276,209.158041664127,282.928945796623
9.62,11.8277713166542,11.8529665661547,11.6897772501288,25.2138506547368,83.9163551275739,75.2282660033837,117.239949433592,134.519264711143,209.757123501482,282.726774684406
9.625,12.9657343649781,12.1457997164719,12.0632827683601,26.1256205342149,85.8674676365171,75.4631886495857,117.516087538288,134.851943441763,210.339320665051,282.473583932061
9.63,14.2198470685164,12.3874074665634,12.4451170181164,27.0525830709683,87.7896824358152,75.5869023652053,117.818476498261,135.190603848179,210.904173764187,282.1713528518
9.635,15.587231544311,12.5768051159655,12.8355124346426,27.9943204770248,89.6816268501858,75.560471593629,118.159315543784,135.535408646347,211.451235477525,281.822089619059
9.64,17.0544415378737,12.7137440984572,13.2347279322301,28.950396996662,91.5420651205724,75.3380635452749,118.552121495349,135.886530022781,211.980071446414,281.427821542474
9.645,18.5925333755463,12.7987872495766,13.6430511312198,29.9203594035111,93.3698951787027,74.8691634736019,119.012165134989,136.244150755801,212.490261149528,280.99058590228
9.65,20.1519023268319,12.833517838814,14.0608008535527,30.9037375477371,95.1641448721055,74.1036800860775,119.557078788721,136.608465399314,212.981398755304,280.512421385329
9.655,21.6585410923175,12.8209605441579,14.4883299266479,31.9000449521783,96.923967715761,73.0008457285074,120.2076740527,136.979681536518,213.453093948926,279.995360135854
9.66,23.0144520440546,12.7663386653603,14.9260283415706,32.9087794560952,98.6486382443151,71.541835258748,120.989018815147,137.358021111409,213.904972730597,279.441420432766
9.665,24.1053956856769,12.6783712102135,15.374326818793,33.9294239049147,100.337547035756,69.7439103261263,121.931827676736,137.743721846407,214.336678181955,278.852599996709
9.67,24.8177616785998,12.5714485493115,15.833700843614,34.9614468841444,101.990195473864,67.6711064643437,123.074204899484,138.137038754749,214.747871197567,278.23086992324
9.675,25.0623500284412,12.4692523750845,16.3046752437524,36.0043034953739,103.606190312629,65.4348716137007,124.46370788988,138.538245756502,215.138231178583,277.578169232565
9.68,24.7976143102383,12.4107575047181,16.787829394157,37.0574361720909,105.185238101389,63.180200950701,126.159485152356,138.947637407126,215.507456685733,276.896400021005
9.685,24.0423626011566,12.4601255982936,17.2838031491157,38.1202755327987,106.727139524757,61.0593063192571,128.23368372781,139.365530747195,215.855266049062,276.187423195
9.69,22.8714967201993,12.7227517377759,17.7933036198623,39.1922412687496,108.2317837066,59.2020539892043,130.769966956436,139.792267281271,216.181397931919,275.453054764744
9.695,21.3966930803412,13.3702363393616,18.3171129377816,40.2727430634119,109.69914252243,57.6945638251953,133.85390827402,140.228215092612,216.485611846957,274.695062671658
9.7,19.7409295180652,14.6755020861832,18.8560971698571,41.3611815406243,111.129264959806,56.5725141363529,137.543676937304,140.673771098309,216.767688622073,273.915164121552
9.705,18.0166476665195,17.0498305607649,19.4112165853152,42.4569492382438,112.522271561561,55.8279327330382,141.798751563591,141.129363446165,217.027430814472,273.115023393707
9.71,16.3129583052736,21.0425488553052,19.9835375118641,43.5594316039605,113.878348982152,55.4232338559548,146.336050603332,141.595454049601,217.26466307124,272.296250094954
9.715,14.6919900950021,27.1973702368503,20.574246068286,44.6680080098386,115.197744683067,55.3059759010093,150.414618189453,142.072541249668,217.479232435086,271.460397827222
9.72,13.1914403919402,35.6135677728391,21.1846641196369,45.7820527820513,116.480761789097,55.4204056365357,152.712505231984,142.561162582598,217.671008594138,270.608963236831
9.725,11.8299504175276,45.3082641283876,21.8162678748316,46.9009362422096,117.727754123439,55.7146798188992,151.73288169129,143.061897616307,217.839884074976,269.743385414002
9.73,10.6128830300584,54.1719658816072,22.4707096375918,48.0240257566334,118.939121436036,56.14437341279,146.932115459978,143.575370797766,217.985774378295,268.865045611582
9.735,9.53726110273588,60.2079226931599,23.1498433353688,49.1506867898855,120.115304836268,56.6734603979218,139.480981021484,144.102254222861,218.108618056932,267.975267252779
9.74,8.59547941848773,62.8647058359803,23.8557545930429,50.2802839588838,121.256782438146,57.2738660033676,131.432826913941,144.643270197569,218.208376736174,267.075316198697
9.745,7.77785889339053,62.9075464972337,24.590796296917,51.4121820839256,122.364065223455,57.9243720062967,124.319663268613,145.199193398954,218.285035076617,266.166401247711
9.75,7.07428414129536,61.4522111054649,25.3576308201493,52.5457472329957,123.437693125916,58.6093441433212,118.705213246301,145.770852359453,218.338600680044,265.249674840001
9.755,6.4751854123836,59.356331366907,26.1592803669208,53.6803477557873,124.478231337288,59.3175223479567,114.526570110469,146.359129877721,218.369103939087,264.326233942043
9.76,5.97208383217951,57.1202634568887,26.9991872571681,54.8153553039468,125.486266834491,60.0409728973802,111.497444399461,146.96496178907,218.376597831673,263.397121087356
9.765,5.55786242516922,54.9882028861476,27.8812864401718,55.9501458341586,126.462405125233,60.7742239997019,109.319662349651,147.589333286537,218.361157661513,262.463325551346
9.77,5.22687479290299,53.0586588490401,28.8100931247266,57.0841005907901,127.407267208219,61.5135690511791,107.752104062653,148.233271638087,218.322880746106,261.525784639665
9.775,4.97496427385517,51.3570482170775,29.7908091870633,58.2166070649736,128.321486742896,62.2565070563992,106.617442997137,148.897833649575,218.261886053969,260.585385071036
9.78,4.79943847378208,49.8756471331599,30.8294530192291,59.3470599271375,129.205707422714,63.0012863356266,105.790204231021,149.584085507433,218.178313793003,259.642964437089
9.785,4.69902472942059,48.593711291314,31.9330187814038,60.4748619301763,130.060580545117,63.7465192527459,105.18275830461,150.293071595306,218.072324952098,258.699312723171
9.79,4.67381864130368,47.4870012807244,33.1096727143916,61.5994247806268,130.886762770859,64.4908389696836,104.73393567586,151.025767357814,217.944100798268,257.755173875617
9.795,4.72522795659816,46.5319874821293,34.3689963725137,62.7201699754111,131.68491406479,65.2325726782986,104.400782449174,151.783009042172,217.793842331747,256.81124740232
9.8,4.85590596160212,45.707485745249,35.7222895017676,63.8365296019101,132.455695809903,65.9694089549036,104.152858737653,152.565389815232,217.621769701634,255.868189994764
9.805,5.06966074231585,44.9950993552402,37.1829489919036,64.9479470993436,133.199769086253,66.6980400821681,103.968362926153,153.37310675583,217.428121584812,254.926617160941
9.81,5.37131814255322,44.3791383274962,38.7669450677624,66.0538779796488,133.917793106205,67.4137641875706,103.831506139135,154.205735660126,217.213154530935,253.987104859777
9.815,5.76650634990267,43.8463363619991,40.4934218192139,67.1537905062735,134.610423797473,68.1100382196441,103.730727016964,155.061899046745,216.977142276399,253.050191128746
9.82,6.26131875059149,43.3855137227336,42.3854563213167,68.2471663295289,135.278312525437,68.7779831413552,103.657468734562,155.938774936095,216.720375030276,252.116377697427
9.825,6.86180009809061,42.9872508535578,44.4710185769768,69.333501077369,135.922104946359,69.4058599812548,103.605333248698,156.831366251073,216.443158735211,251.186131580674
9.83,7.57319213870014,42.6435977082976,46.7841819235323,70.4123049006958,136.542439983267,69.978562741633,103.569490340088,157.731407145605,216.145814306356,250.259886645974
9.835,8.39887467016082,42.3478253082273,49.3666366565639,71.4831029725133,137.139948916492,70.4772144224889,103.546260273488,158.625713681991,215.828676851386,249.338045150356
9.84,9.33895674034586,42.0942179681161,52.2695495334682,72.5454359404741,137.715254581097,70.8790059199994,103.532815932372,159.4936767505,215.492094874674,248.420979242946
9.845,10.3885246687881,41.8779015399365,55.5557682898357,73.598860332586,138.268970663686,71.1574783219518,103.52696801938,160.303420891555,215.136429468642,247.50903242995
9.85,11.5356543483244,41.6947022465507,59.3022485994589,74.6429489160463,138.80170109141,71.2834992873891,103.527008609712,161.005877637944,214.762053495304,246.602520999429
9.855,12.7594527522885,41.5410309129623,63.6022839530068,75.6772910093899,139.314039506262,71.2271887695178,103.531596116684,161.525597780369,214.369350760934,245.701735403793
9.86,14.0285913363584,41.4137880224492,68.5664399182639,76.7014927483158,139.806568818096,70.9609570970268,103.539669939193,161.746508155094,213.958715186734,244.806941598414
9.865,15.3009708276331,41.3102857364223,74.3196052284756,77.7151773057639,140.279860830124,70.4635787561079,103.550386587209,161.490032972191,213.530549978304,243.918382335215
9.87,16.5251980153452,41.2281836924056,80.9884369553587,78.7179850669646,140.734475930968,69.7248288334714,103.563071491387,160.482389839849,213.085266796607,243.036278410447
9.875,17.6443236087124,41.1654359860779,88.6672639772489,79.7095737603721,141.170962847678,68.7497434630268,103.577182365971,158.308811156256,212.623284933031,242.160829866252
9.88,18.6017169433566,41.1202472401354,97.3396000632658,80.689618545531,141.589858454449,67.5612422320606,103.592281152891,154.359182998252,212.145030491017,241.292217145855
9.885,19.3481542904825,41.0910360703341,106.718504389613,81.6578120590654,141.991687632081,66.1999387912182,103.60801238988,147.792870566504,211.65093557663,240.430602202556
9.89,19.8485125472924,41.0764045889892,115.97099512293,82.6138644201213,142.376963173548,64.7206137573739,103.624086423724,137.60948645018,211.141437500283,239.576129562846
9.895,20.0863051309336,41.0751128512152,123.377713025255,83.5575031966929,142.746185731321,63.1858700464271,103.640266303824,123.010594450676,210.616977991717,238.728927344246
9.9,20.0648702405427,41.0860573612087,126.265936158146,84.4884733343744,143.09984380241,61.6584654083621,103.656357490086,104.246794141563,210.078002430182,237.889108228548
9.905,19.8051008281145,41.1082529252393,121.91560984448,85.406537049169,143.438413747334,60.194216145191,103.6721997267,83.6570634827336,209.52495909162,237.056770391366
9.91,19.3406594338683,41.1408172732991,109.595383015657,86.3114736860547,143.762359839527,58.837005780091,103.68766059287,65.5539209807579,208.958298414519,236.231998388946
9.915,18.712171141946,41.1829579795623,91.861415849443,87.2030795450826,144.072134341913,57.6165661616214,103.702630359401,53.9187014329585,208.37847228594,235.414864003324
9.92,17.961802017724,41.233961298497,73.0510729846418,88.0811676768285,144.368177607652,56.5488003411687,103.717017867719,49.8914259769674,207.78593334907,234.605427046989
9.925,17.1291204516559,41.2931826031048,56.5516292151424,88.9455676490528,144.650918202266,55.6378536737609,103.730747213578,51.84755697139,207.181134333525,233.803736128249
9.93,16.2485386977009,41.3600381678513,43.708158164544,89.7961252864641,144.920773044586,54.8790058807318,103.743755067197,57.270467430492,206.564527409454,233.009829378579
9.935,15.348182946285,41.4339980841635,34.4098570656621,90.6327023854877,145.17814756415,54.2616295361649,103.755988499109,64.1307475582657,205.936563566371,232.223735143217
9.94,14.4498193991359,41.5145801330965,27.9704060351195,91.4551764059531,145.423435872903,53.7717518102734,103.767403209657,71.2076805137516,205.297692017486,231.445472636342
9.945,13.5694294801315,41.6013444696359,23.6465813748135,92.2634401416062,145.657020949185,53.3940255620111,103.777962082026,77.900760594955,204.648359630181,230.675052562128
9.95,12.7180972647974,41.6938889974716,20.8267193760326,93.0574013713444,145.879274832209,53.1131009208978,103.787633995674,83.9752008975533,203.989010383119,229.912477703027
9.955,11.9029758301958,41.7918453330233,19.0582273373799,93.8369824930455,146.090558825365,52.9144858856311,103.796392850118,89.3824255350286,203.320084850392,229.157743476568
9.96,11.1281949457938,41.8948752738866,18.0213668819949,94.6021201418333,146.291223706819,52.7850174312473,103.804216759324,94.1577158756184,202.642019712931,228.410838461991
9.965,10.3956440327938,42.0026677003693,17.4944437153463,95.352764794591,146.481609946062,52.7130603004934,103.811087384892,98.3678598761096,201.955247297338,227.671744898002
9.97,9.70561039932851,42.114935849955,17.3244829108692,96.0888803624821,146.662047925129,52.6885298997386,103.816989382593,102.086381689312,201.260195142152,226.940439152905
9.975,9.05727861215044,42.2314149137917,17.4056790986254,96.8104437731915,146.832858163376,52.7028111960084,103.821909941735,105.382820505813,200.55728559148,226.216892168348
9.98,8.44910895270328,42.3518599120104,17.6644148884255,97.5174445445508,146.994351544799,52.7486234433784,103.825838400808,108.31880342209,199.846935415809,225.501069877901
9.985,7.87911668206947,42.4760438111139,18.0490802411503,98.2098843511421,147.146829546952,52.8198631511042,103.828765925974,110.947239217753,199.129555459741,224.792933601627
9.99,7.34507317076315,42.6037558520589,18.5232029576086,98.8877765854204,147.290584470668,52.9114450487364,103.830685241511,113.31283758567,198.405550316295,224.092440417791
9.995,6.84464727461016,42.7348000621851,19.060808076388,99.5511459148262,147.425899669823,53.0191521459921,103.831590403277,115.453103236892,197.675318027344,223.399543512821
10,6.37550205098306,42.8689939279448,19.6432655305569,100.200027836284,147.553049780495,53.1395003594496,103.831476607939,117.399418790062,196.939249809706,222.714192510577
